sku,brand,product,price,image link
B12AD90118,Krakatau Wear,Moog Softshell Jas,167.97,https://productimage001.bever.nl/productimages/550x825/2210002810080_010_nl.jpg
B12AH90047,tentree,Puffer Bodywarmer,77.97,https://productimage001.bever.nl/productimages/550x825/b12ah90047_5858_010_nl.jpg
ACBCE00009,Craghoppers,Vitor Jas,97.46,https://productimage001.bever.nl/productimages/550x825/acbce00009_7272_01_nl.jpg
AEBAD60005,Sherpa,Namgyal Jas,119.96,https://productimage001.bever.nl/productimages/550x825/2210002270310_010_nl.jpg
B12AH90048,tentree,Sherpa Bodywarmer,67.46,https://productimage001.bever.nl/productimages/550x825/2210002278637_010_nl.jpg
AEBAD60001,Jack Wolfskin,Northern Point Softshell,54.98,https://productimage001.bever.nl/productimages/550x825/aebad60001_4240_001_nl.jpg
B12AD90146,icebreaker,Merinoloft Jas,262.46,https://productimage001.bever.nl/productimages/550x825/b12ad90146_4144_01_nl.jpg
B12AD90109,Didriksons,Franco Usx Softshell Jas,119.97,https://productimage001.bever.nl/productimages/550x825/2210002381214_010_nl.jpg
B12AJE0041,Jack Wolfskin,Morobbia Gevoerde Bodywarmer,59.97,https://productimage001.bever.nl/productimages/550x825/4064993518993_010_nl.jpg
B12AD90185,adidas,Techrock Flooce Windjas,59.98,https://productimage001.bever.nl/productimages/550x825/2210004689691_010_nl.jpg
DABCC90005,AGU,Essential Wind Jas,59.95,https://productimage001.bever.nl/productimages/550x825/dabcc90005_2020_01_nl.jpg
D12AD90022,Rab,Cinder Borealis Softshell Fietsjas,119.95,https://productimage001.bever.nl/productimages/550x825/d12ad90022_4785_31_nl_nl.jpg
B12ABB0181,Ayacucho,Himalaya Recycled Down Dons Bodywarmer,59.97,https://productimage001.bever.nl/productimages/550x825/b12abb0181_4444_01_nl.jpg
EABCC90001,Inov-8,Stormshell Fz Jas,209.95,https://productimage001.bever.nl/productimages/550x825/eabcc90001_4040_01_nl.jpg
DABCC90004,AGU,Essential Wind Body Jas,59.95,https://productimage001.bever.nl/productimages/550x825/dabcc90004_7070_01_nl.jpg
DABCE10005,Gore Wear,Ambient Vest Mens,99.95,https://productimage001.bever.nl/productimages/550x825/dabce10005_9070_01_nl.jpg
C12AD90038,Craft,Softshell Craf Adv Subz Jacket 2,119.95,https://productimage001.bever.nl/productimages/550x825/c12ad90038_7070_01_nl.jpg
DABBF10003,Craft,Softshell Core Bike Subz Jacket M,99.95,https://productimage001.bever.nl/productimages/550x825/dabbf10003_5654_01_nl.jpg
D12AF90015,Craft,Adv Bike Subz Jacket M Windstopper,139.95,https://productimage001.bever.nl/productimages/550x825/d12af90015_4242_01_nl.jpg
C12AF90010,Craft,Adv Essence Wind Jacket M,89.95,https://productimage001.bever.nl/productimages/550x825/c12af90010_4054_01_nl.jpg
C12AF90015,Craft,Adv Charge Warm Jacket M Windstopper,99.95,https://productimage001.bever.nl/productimages/550x825/c12af90015_7373_01_nl.jpg
EABCD80005,Craft,Eaze Jkt M,69.95,https://productimage001.bever.nl/productimages/550x825/eabcd80005_7070_07_nl.jpg
C12AF90018,Craft,Advance Unify Jacket,79.95,https://productimage001.bever.nl/productimages/550x825/c12af90018_4646_01_nl.jpg
C12AE90009,Craft,Adv Essence Hydro Jas,129.95,https://productimage001.bever.nl/productimages/550x825/c12ae90009_3030_01_nl.jpg
DABCE00002,Craft,Essence Light Wind Jkt M,89.95,https://productimage001.bever.nl/productimages/550x825/dabce00002_1010_01_nl.jpg
DABBF00006,Endura,Pro SL Waterproof Fietsjas,199.95,https://productimage001.bever.nl/productimages/550x825/dabbf00006_2626_01_nl.jpg
DABCF00002,Endura,Pakajak Windjack,49.95,https://productimage001.bever.nl/productimages/550x825/dabcf00002_7070_01_nl.jpg
D12AF90013,Craft,Adv Bike Subz Lumen Jacket M Windstopper,159.95,https://productimage001.bever.nl/productimages/550x825/d12af90013_3939_01_nl.jpg
D12AE90058,Jack Wolfskin,Morobbia Softshell Fietsjas,149.95,https://productimage001.bever.nl/productimages/550x825/d12ae90058_5252_01_nl.jpg
D12AF90047,Craft,Core Bike Subz Lumen Jacket M Windstopper,119.95,https://productimage001.bever.nl/productimages/550x825/d12af90047_5710_01_nl.jpg
D12A000003,Jack Wolfskin,Morobbia 2.5L Jkt M,149.95,https://productimage001.bever.nl/productimages/550x825/d12a000003_5252_03_nl.jpg
C12AF90021,Craft,Adv Subz Lumen Jacket 2 M Windstopper,119.95,https://productimage001.bever.nl/productimages/550x825/c12af90021_1070_01_nl.jpg
DABDF00002,Gore Wear,Softshell C3 Gore-Tex I Thermo Jacket,159.95,https://productimage001.bever.nl/productimages/550x825/dabdf00002_3270_01_nl.jpg
D12AF90008,AGU,Wind body II Essential,59.95,https://productimage001.bever.nl/productimages/550x825/d12af90008_2020_01_nl.jpg
DABCE00003,Craft,Essence Light Wind Vest M,79.95,https://productimage001.bever.nl/productimages/550x825/dabce00003_1010_01_nl.jpg
EABCE10001,Gore Wear,Drive Bodywarmer,119.95,https://productimage001.bever.nl/productimages/550x825/eabce10001_1010_01_nl.jpg
DABBF10002,Vaude,SE Volane Softshell Jas,44.99,https://productimage001.bever.nl/productimages/550x825/dabbf10002_7030_010_nl.jpg
C12BEC0004,The North Face,Mountain Athletics Windjack,109.95,https://productimage001.bever.nl/productimages/550x825/2210004433645_010_nl.jpg
EABBC80006,Craft,Light Softshell Jas,184.95,https://productimage001.bever.nl/productimages/550x825/eabbc80006_7070_01_nl.jpg
DABCF00016,Endura,Windchill Gilet II,84.95,https://productimage001.bever.nl/productimages/550x825/dabcf00016_7070_01_nl.jpg
DABAF00003,Craft,Core Ideal Jkt 2.0,109.95,https://productimage001.bever.nl/productimages/550x825/dabaf00003_4040_01_nl.jpg
D12AF90016,Craft,Pro Bike Subz Jacket M Windstopper,189.95,https://productimage001.bever.nl/productimages/550x825/d12af90016_7070_01_nl.jpg
DABCF00015,Endura,Windchill Fietsjas II,119.95,https://productimage001.bever.nl/productimages/550x825/dabcf00015_2086_01_nl.jpg
DABCE00004,AGU,Storm Breaker Essential Jacket,129.95,https://productimage001.bever.nl/productimages/550x825/dabce00004_7086_01_nl.jpg
C12A000007,The North Face,M Run Wind Jkt,99.95,https://productimage001.bever.nl/productimages/550x825/c12a000007_3070_01_nl.jpg
EABCF10001,Odlo,Run Easy S-Thermic Isolatiebodywarmer,89.97,https://productimage001.bever.nl/productimages/550x825/eabcf10001_7171_010_nl.jpg
DABCD80010,Gore Wear,C5 GWS Thermo Trail Jas,199.95,https://productimage001.bever.nl/productimages/550x825/dabcd80010_7979_01_nl.jpg
DABCF00001,Gore Wear,C5 Gore-Tex I Thermo Jacket,199.95,https://productimage001.bever.nl/productimages/550x825/dabcf00001_3030_01_nl.jpg
D12AF90009,Vaude,Posta Insulation Fietsjas,159.95,https://productimage001.bever.nl/productimages/550x825/d12af90009_2626_01_nl.jpg
DABBF00007,Gore Wear,Softshell PhantoJacket Mens,189.95,https://productimage001.bever.nl/productimages/550x825/dabbf00007_3270_01_nl.jpg
DABCE10003,Gore Wear,Spirit Jacket,159.95,https://productimage001.bever.nl/productimages/550x825/dabce10003_4040_01_nl.jpg
EABCF00003,Gore Wear,Windstopper R5 Gore-Tex I Insulated Jacket,249.95,https://productimage001.bever.nl/productimages/550x825/eabcf00003_1022_01_nl.jpg
EABAC90003,Gore Wear,R7 Partial Gtx I Hooded Jacket,189.95,https://productimage001.bever.nl/productimages/550x825/eabac90003_4450_01_nl.jpg
EABCF00005,Odlo,Jacket Zeroweight Warm Hybrid,74.97,https://productimage001.bever.nl/productimages/550x825/eabcf00005_2020_010_nl.jpg
EABCF10002,Odlo,Zeroweight Pro Warm Reflect Jas,107.97,https://productimage001.bever.nl/productimages/550x825/7613361876295_010_nl.jpg
B12AH90073,HEAT EXPERIENCE,Everyday Bodywarmer,74.98,https://productimage001.bever.nl/productimages/550x825/b12ah90073_7070_11_nl.jpg
C12AF90009,Gore Wear,Drive Windstopper Hardloopjas,199.95,https://productimage001.bever.nl/productimages/550x825/c12af90009_1030_01_nl.jpg
DABCE10004,Gore Wear,Spirit Bodywarmer,99.95,https://productimage001.bever.nl/productimages/550x825/dabce10004_7070_01_nl.jpg
E12AD90007,Tenson,Touring Softshell Jas,202.46,https://productimage001.bever.nl/productimages/550x825/2210003585703_010_nl.jpg
EABCF00004,Odlo,Jacket Zeroweight Pro Warm,101.97,https://productimage001.bever.nl/productimages/550x825/2009015897689_010_nl.jpg
D12AF90002,Vaude,Kuro Air Jacket,129.95,https://productimage001.bever.nl/productimages/550x825/d12af90002_5555_01_nl.jpg
B12AD90019,Rab,Softshell Rab Borealis Tour Jacket,74.96,https://productimage001.bever.nl/productimages/550x825/2210003895031_010_nl.jpg
E12AD90006,Protest,Prtdustan Softshell,149.96,https://productimage001.bever.nl/productimages/550x825/2210003418322_010_nl.jpg
E12AD90001,Burton,Frostner Anorak Softshell Jas,161.97,https://productimage001.bever.nl/productimages/550x825/e12ad90001_2626_01_nl.jpg
B12AJE0036,Jack Wolfskin,Athletic Dons Vest Bodywarmer,129.95,https://productimage001.bever.nl/productimages/550x825/b12aje0036_4141_02_nl.jpg
B12ACB0223,Mammut,Aenergy Gevoerde Hybride Jas,200.00,https://productimage001.bever.nl/productimages/550x825/b12acb0223_3044_01_nl.jpg
B12AH90086,Mammut,Aenergy Gevoerde Hybride Hooded Vest,190.00,https://productimage001.bever.nl/productimages/550x825/b12ah90086_4044_01_nl.jpg
ADBAD22003,Fjällräven,Buck Fleece Bodywarmer,144.95,https://productimage001.bever.nl/productimages/550x825/adbad22003_6402_01_nl.jpg
ADBCD52058,Fjällräven,Singi Anorak Shell-jas,309.95,https://productimage001.bever.nl/productimages/550x825/adbcd52058_5151_01_nl.jpg
B12AF90038,Mammut,Aenergy Wb Hooded Jacket Men,159.95,https://productimage001.bever.nl/productimages/550x825/b12af90038_2626_01_nl.jpg
E12ACA0203,Colmar,Ski-jas Padded,351.71,https://productimage001.bever.nl/productimages/550x825/e12aca0203_4141_01_nl.jpg
B12AJE0040,Jack Wolfskin,Pack & Go Down Vest M,119.95,https://productimage001.bever.nl/productimages/550x825/b12aje0040_4240_02_nl.jpg
B12AD90121,Mammut,Ultimate Comfort So Hood Jacket,224.95,https://productimage001.bever.nl/productimages/550x825/b12ad90121_4242_01_nl_nl.jpg
B12AH90087,Mammut,Madris Ml Vest,130.00,https://productimage001.bever.nl/productimages/550x825/b12ah90087_6570_01_nl.jpg
B12AH90085,Mammut,Albula Gevoerde Hybride Vest,150.00,https://productimage001.bever.nl/productimages/550x825/b12ah90085_4044_01_nl.jpg
B12AD90064,Mammut,Ultimate Vii So Hooded Jacket Men,275.00,https://productimage001.bever.nl/productimages/550x825/b12ad90064_6570_01_nl.jpg
B12ACB0062,Mammut,Rime Light In Flex Vest Men,174.95,https://productimage001.bever.nl/productimages/550x825/b12acb0062_2626_01_nl.jpg
ACBCE00006,Fjällräven,Kaipak Jacket M,274.95,https://productimage001.bever.nl/productimages/550x825/acbce00006_7170_01_nl.jpg
B12AJE0042,Jack Wolfskin,Passamani Dons Vest,179.95,https://productimage001.bever.nl/productimages/550x825/b12aje0042_7171_02_nl.jpg
B12A000057,Jack Wolfskin,Fierce Wind Parka,359.95,https://productimage001.bever.nl/productimages/550x825/b12a000057_7070_02_nl.jpg
AEBAE10006,Rab,Borealis Softshell Jas,119.95,https://productimage001.bever.nl/productimages/550x825/aebae10006_2020_01_nl_nl.jpg
B12A000094,Jack Wolfskin,Eagle Peak II Hoody Jas,169.95,https://productimage001.bever.nl/productimages/550x825/b12a000094_7171_07_nl.jpg
B12AH90100,Blue Loop Originals,Virga Iso Bodywarmer,139.95,https://productimage001.bever.nl/productimages/550x825/b12ah90100_5151_01_nl.jpg
ACBCE00019,Fjällräven,High Coast Lite Anorak M,199.95,https://productimage001.bever.nl/productimages/550x825/acbce00019_4040_01_nl.jpg
ACBAF00003,Patagonia,Better Sweater Vest Bodywarmer,109.95,https://productimage001.bever.nl/productimages/550x825/acbaf00003_1414_06_nl.jpg
ADBAD90003,Fjällräven,Greenland Down Liner Bodywarmer,234.95,https://productimage001.bever.nl/productimages/550x825/adbad90003_4141_01_nl.jpg
AEBAC70008,The North Face,M Nimble Jacket,99.95,https://productimage001.bever.nl/productimages/550x825/aebac70008_3070_01_nl.jpg
B12AD90155,Mammut,Aenergy So Hybrid Hooded Jacket Men,199.95,https://productimage001.bever.nl/productimages/550x825/b12ad90155_4440_01_nl_nl.jpg
B12AD90153,Mammut,Seon So Hooded Jacket Men,259.95,https://productimage001.bever.nl/productimages/550x825/b12ad90153_7070_01_nl.jpg
B12AJE0037,Jack Wolfskin,Routeburn Pro Ins Vest M,119.95,https://productimage001.bever.nl/productimages/550x825/b12aje0037_2626_02_nl.jpg
ACBCE00022,Fjällräven,Bergtagen Stretch Anorak,249.95,https://productimage001.bever.nl/productimages/550x825/acbce00022_7070_01_nl.jpg
B12AD90112,Vaude,Neyland Hoody Fleecevest,99.95,https://productimage001.bever.nl/productimages/550x825/b12ad90112_5050_01_nl.jpg
ACBCC90032,Fjällräven,Keb Windstopper,314.95,https://productimage001.bever.nl/productimages/550x825/acbcc90032_7007_01_nl.jpg
ADBAE00001,Patagonia,M'S Retro Pile Vest,119.95,https://productimage001.bever.nl/productimages/550x825/adbae00001_7070_02_nl.jpg
ACBCD90006,Fjällräven,Vidda Pro Jas,299.95,https://productimage001.bever.nl/productimages/550x825/acbcd90006_4c4c_01_nl.jpg
AEBAF00011,Patagonia,M'S R1 Techface Hoody,189.95,https://productimage001.bever.nl/productimages/550x825/aebaf00011_7272_03_nl.jpg
AEBAC90004,Vaude,Men'S Hurricane Jacket Iv,109.95,https://productimage001.bever.nl/productimages/550x825/aebac90004_5252_01_nl.jpg
B12AH90088,Jack Wolfskin,Lightsome Wander Vest Bodywarmer,129.95,https://productimage001.bever.nl/productimages/550x825/b12ah90088_6464_01_nl_nl.jpg
B12AD90148,Fjällräven,Abisko Hike wandeljas,249.95,https://productimage001.bever.nl/productimages/550x825/b12ad90148_7171_01_nl.jpg
B12A000052,Jack Wolfskin,Glacier Canyon Parka,299.95,https://productimage001.bever.nl/productimages/550x825/b12a000052_4141_01_nl.jpg
AEBCE00013,Fjällräven,High Coast Wind Jacket M,209.95,https://productimage001.bever.nl/productimages/550x825/aebce00013_2222_02_nl.jpg
B12A000056,Jack Wolfskin,Jasper Ins Jkt M,199.95,https://productimage001.bever.nl/productimages/550x825/b12a000056_7070_02_nl.jpg
B12AJE0045,Jack Wolfskin,Alpspitze Vest Bodywarmer,159.95,https://productimage001.bever.nl/productimages/550x825/b12aje0045_4240_01_nl.jpg
AEBCC70017,The North Face,M Nimble Hoodie,109.95,https://productimage001.bever.nl/productimages/550x825/aebcc70017_7040_01_nl.jpg
B12AD90150,Mammut,Madris Light Softshell,149.95,https://productimage001.bever.nl/productimages/550x825/b12ad90150_5051_01_nl_nl.jpg
B12A000096,Jack Wolfskin,Alpspitze Softshell Jas,219.95,https://productimage001.bever.nl/productimages/550x825/b12a000096_4242_03_nl.jpg
AEBAF00009,Mammut,Eisfeld Hybrid Hooded Softshell Jas,299.95,https://productimage001.bever.nl/productimages/550x825/aebaf00009_4141_01_nl.jpg
ACBCF00001,Fjällräven,Vardag Anorak Windstopper,214.95,https://productimage001.bever.nl/productimages/550x825/acbcf00001_2627_01_nl.jpg
B12AH90044,Mammut,Ultimate VII Softshell,179.95,https://productimage001.bever.nl/productimages/550x825/b12ah90044_4242_01_nl_nl.jpg
B12A000073,Jack Wolfskin,Koblat 3L Jas,299.95,https://productimage001.bever.nl/productimages/550x825/b12a000073_4240_02_nl.jpg
ADBAC60004,Fjällräven,Abisko Padded Bodywarmer,179.95,https://productimage001.bever.nl/productimages/550x825/adbac60004_7070_01_nl.jpg
B12AJE0035,Jack Wolfskin,White Frost Vest Bodywarmer,99.95,https://productimage001.bever.nl/productimages/550x825/b12aje0035_7070_02_nl.jpg
ACBCE10011,Fjällräven,Abisko Lite Trekking Jacket M,279.95,https://productimage001.bever.nl/productimages/550x825/acbce10011_4248_01_nl.jpg
B12AJE0046,Jack Wolfskin,Alex Vest Reversible Bodywarmer,129.95,https://productimage001.bever.nl/productimages/550x825/b12aje0046_9191_02_nl.jpg
ADBAD52008,Fjällräven,Grimsey Bodywarmer,189.95,https://productimage001.bever.nl/productimages/550x825/adbad52008_5454_01_nl.jpg
ACBCE00017,Fjällräven,Abisko Midsummer Jacket M,234.95,https://productimage001.bever.nl/productimages/550x825/acbce00017_6465_01_nl.jpg
B12AD90065,Mammut,Ultimate Vii So Jacket Men,249.95,https://productimage001.bever.nl/productimages/550x825/b12ad90065_7070_01_nl.jpg
ADBAD80008,Fjällräven,Expedition Down Lite Bodywarmer,309.95,https://productimage001.bever.nl/productimages/550x825/adbad80008_4444_01_nl.jpg
B12AF90052,AGU,Essential II Wind Fietsjas,89.95,https://productimage001.bever.nl/productimages/550x825/b12af90052_7979_01_nl.jpg
B12AH90064,Jack Wolfskin,Highest Peak Vest M Bodywarmer,119.95,https://productimage001.bever.nl/productimages/550x825/b12ah90064_5050_01_nl_nl.jpg
ACBAC00001,Fjällräven,Reporter Lite Bodywarmer,179.95,https://productimage001.bever.nl/productimages/550x825/acbac00001_5454_12_nl.jpg
ADBCF00030,Mammut,Eigerjoch Hybrid Gevoerde Jas,299.95,https://productimage001.bever.nl/productimages/550x825/adbcf00030_4041_01_nl.jpg
ADBAF00006,Mammut,Eigerjoch Hybrid Bodywarmer,199.95,https://productimage001.bever.nl/productimages/550x825/adbaf00006_4041_01_nl.jpg
B12AF90044,Fjällräven,Forest Hybrid Jas,299.95,https://productimage001.bever.nl/productimages/550x825/b12af90044_0751_06_nl.jpg
B12AJE0053,The North Face,M Belleview Stretch Down Vest,229.95,https://productimage001.bever.nl/productimages/550x825/b12aje0053_4040_01_nl.jpg
ACBCXX2002,Fjällräven,Skogsö Jacket,249.95,https://productimage001.bever.nl/productimages/550x825/acbcxx2002_5656_01_nl.jpg
B12AH90104,icebreaker,ZoneKnit Gevoerde Bodywarmer,219.95,https://productimage001.bever.nl/productimages/550x825/b12ah90104_7070_01_nl.jpg
ACBCC22002,Fjällräven,Sten Jacket M,229.95,https://productimage001.bever.nl/productimages/550x825/acbcc22002_5353_01_nl.jpg
ADBAD80011,Patagonia,M'S Nano Puff Vest,169.95,https://productimage001.bever.nl/productimages/550x825/adbad80011_7070_01_nl.jpg
B12A000095,Jack Wolfskin,Feldberg Hoody M,129.95,https://productimage001.bever.nl/productimages/550x825/b12a000095_5757_01_nl.jpg
ACBCC90077,Patagonia,Mens Houdini Jacket,109.95,https://productimage001.bever.nl/productimages/550x825/acbcc90077_9393_03_nl.jpg
ACBCC32090,Fjällräven,Anorak No.8 Jas,499.95,https://productimage001.bever.nl/productimages/550x825/acbcc32090_7171_11_nl.jpg
ADBCD52060,Fjällräven,Lappland Hybrid Jas,354.95,https://productimage001.bever.nl/productimages/550x825/adbcd52060_5151_01_nl.jpg
B12AH90058,Fjällräven,Expedition X-Lätt Vest,179.95,https://productimage001.bever.nl/productimages/550x825/b12ah90058_7070_01_nl.jpg
ADBID50003,Fjällräven,Smock No.1 Jas,739.95,https://productimage001.bever.nl/productimages/550x825/adbid50003_6464_11_nl.jpg
B12AJE0039,Jack Wolfskin,Bike Commute Ins Vest M,149.95,https://productimage001.bever.nl/productimages/550x825/b12aje0039_6363_02_nl.jpg
ACBED20001,Fjällräven,Jacket No.68 Jas,549.95,https://productimage001.bever.nl/productimages/550x825/acbed20001_5555_11_nl.jpg
ACBAD90003,Fjällräven,Värmland Bodywarmer,99.95,https://productimage001.bever.nl/productimages/550x825/acbad90003_2607_01_nl.jpg
AEBCD80006,Jack Wolfskin,Whirlwind Softshell Jas,99.95,https://productimage001.bever.nl/productimages/550x825/aebcd80006_4141_02_nl.jpg
B12A000098,Jack Wolfskin,Bornberg Hoody M,139.95,https://productimage001.bever.nl/productimages/550x825/b12a000098_7070_03_nl.jpg
B12A000154,The North Face,Athletic Outdoor Hoodie Softshell Jas,139.95,https://productimage001.bever.nl/productimages/550x825/b12a000154_5471_01_nl.jpg
B12AH90084,Mammut,Whitehorn Gevoerde Vest,190.00,https://productimage001.bever.nl/productimages/550x825/b12ah90084_7070_01_nl.jpg
B12AJE0052,The North Face,Canyonlands Hybride Vest,109.95,https://productimage001.bever.nl/productimages/550x825/b12aje0052_4041_01_nl.jpg
ACBAD70008,Patagonia,Classic Retro-X Vest Bodywarmer,169.95,https://productimage001.bever.nl/productimages/550x825/2009014963507_010_nl.jpg
AEBAF10001,Vaude,Cyclone Softshell Jas,99.95,https://productimage001.bever.nl/productimages/550x825/aebaf10001_7052_01_nl.jpg
AEBAE10008,Vaude,Roccia Softshell Jacket Ii,189.95,https://productimage001.bever.nl/productimages/550x825/2210000776548_010_nl.jpg
B12AH90046,Sherpa,Namgyal Bodywarmer,119.95,https://productimage001.bever.nl/productimages/550x825/2210002269918_010_nl.jpg
B12A000157,The North Face,Diablo Detachable Hood Softshell Jas,159.95,https://productimage001.bever.nl/productimages/550x825/b12a000157_7089_010_nl.jpg
B12AD90066,adidas,Terrex Softshelljas,64.98,https://productimage001.bever.nl/productimages/550x825/b12ad90066_7070_010_nl.jpg
ACBAE00001,The North Face,Bodywarmer Nimble Vest,89.95,https://productimage001.bever.nl/productimages/550x825/acbae00001_7070_01_nl.jpg
B12AJE0018,The North Face,Athletic Outdoor Gevoerde Bodywarmer,97.50,https://productimage001.bever.nl/productimages/550x825/b12aje0018_4042_01_nl.jpg
D12AF90028,7mesh,Northwoods Windshell Fietsjas,159.95,https://productimage001.bever.nl/productimages/550x825/2210002097238_010_nl.jpg
B12AD90057,Haglöfs,L.I.M Shield Hood Windjack,104.96,https://productimage001.bever.nl/productimages/550x825/b12ad90057_7173_01_nl.jpg
ACBCE00010,Jack Wolfskin,Desert Wind Jacket,82.46,https://productimage001.bever.nl/productimages/550x825/acbce00010_5052_02_nl.jpg
B12ACB0078,COTOPAXI,Teca Anorak Windstopper,74.96,https://productimage001.bever.nl/productimages/550x825/2210001267267_010_nl.jpg
AEBCE10001,Jack Wolfskin,Eagle Peak II Softshell,127.46,https://productimage001.bever.nl/productimages/550x825/aebce10001_4242_01_nl.jpg
D12AD90021,MONS ROYALE,Redwood Wind Jersey,139.95,https://productimage001.bever.nl/productimages/550x825/d12ad90021_4141_01_nl.jpg
C12AD90005,adidas,Own The Run Windbreaker Hardloopjas,41.97,https://productimage001.bever.nl/productimages/550x825/2210001230261_010_nl.jpg
AEBAD90002,The North Face,M Quest Hooded Softshell,159.95,https://productimage001.bever.nl/productimages/550x825/aebad90002_7071_010_nl.jpg
B12AD90165,Jack Wolfskin,Prelight Polartec Alpha Jas,179.95,https://productimage001.bever.nl/productimages/550x825/b12ad90165_4444_01_nl.jpg
B12AD90082,Vuori,Outdoor Trainer Shell,139.95,https://productimage001.bever.nl/productimages/550x825/2210001632669_010_nl.jpg
B12AD90130,Ayacucho,Annapurna Softshell,53.97,https://productimage001.bever.nl/productimages/550x825/2210003170077_010_nl.jpg
B12AD90163,Didriksons,Zuko Fullzip Hybride Jas,139.95,https://productimage001.bever.nl/productimages/550x825/b12ad90163_5454_01_nl.jpg
B12AD90174,Picture,Laman Printed Softshell Jas,129.95,https://productimage001.bever.nl/productimages/550x825/2210004342008_010_nl.jpg
B12AH90089,Ayacucho,Jungle Travel Vest M Bodywarmer,79.95,https://productimage001.bever.nl/productimages/550x825/b12ah90089_1616_10_nl.jpg
B12AF90081,Arc'teryx,Nodin Jas,179.95,https://productimage001.bever.nl/productimages/550x825/b12af90081_7070_01_nl.jpg
B12AD90157,Ayacucho,Mountain Softshell Jacket M Softshell,79.95,https://productimage001.bever.nl/productimages/550x825/b12ad90157_4747_01_nl.jpg
B12AD90164,Didriksons,Pega Softshell Jas,149.95,https://productimage001.bever.nl/productimages/550x825/b12ad90164_4444_01_nl.jpg
B12AE90332,Jack Wolfskin,Desert Wind Jacket Jas,129.95,https://productimage001.bever.nl/productimages/550x825/4064993651010_010_nl.jpg
AEBAC60008,Jack Wolfskin,Grand Valley Softshell Jas,119.95,https://productimage001.bever.nl/productimages/550x825/4055001083756_010_nl.jpg
B12AD90149,The North Face,M Softshell Travel Jacket,109.95,https://productimage001.bever.nl/productimages/550x825/b12ad90149_1414_01_nl.jpg
AEBAE10001,Ayacucho,Bora Softshell Jas,79.95,https://productimage001.bever.nl/productimages/550x825/aebae10001_7070_001_nl.jpg
B12AD90167,Patagonia,Funhoggers Anorak,159.95,https://productimage001.bever.nl/productimages/550x825/b12ad90167_1111_01_nl.jpg
ADBAE10001,Arc'teryx,Atom SL Bodywarmer,149.95,https://productimage001.bever.nl/productimages/550x825/adbae10001_7070_01_nl.jpg
B12AD90172,Helly Hansen,Cascade Shield Softshell,159.95,https://productimage001.bever.nl/productimages/550x825/b12ad90172_7070_01_nl.jpg
B12AD90173,Helly Hansen,Rapide Windbreaker Packable Jas,109.95,https://productimage001.bever.nl/productimages/550x825/b12ad90173_2727_01_nl.jpg
B12AD90171,Helly Hansen,Victor Jas,169.95,https://productimage001.bever.nl/productimages/550x825/b12ad90171_4444_01_nl.jpg
B12AD90208,Vaude,Se Tamina Hoody Softshell Jas,109.95,https://productimage001.bever.nl/productimages/550x825/4062218655164_010_nl.jpg
AEBAC70007,The North Face,Tansa Softshell Jas,149.95,https://productimage001.bever.nl/productimages/550x825/aebac70007_5050_11_nl.jpg
B12AD90181,Arc'teryx,Gamma Hoody,239.95,https://productimage001.bever.nl/productimages/550x825/b12ad90181_4141_01_nl.jpg
